w1118,WTloxP,G85Rhr,WTcr,G85Rcr,G85Rcr/null26,WTcr/null26,null26,A4V,A4V/null26,A4V/X16,A4V/G85Rcr
97.64705882,95.65217391,0,98.38709677,3.174603175,94.87179487,100,100,96.07843137,100,100,16.94915254
99.10714286,97.82608696,0,100,0,51.51515152,,100,92.30769231,100,100,11.11111111
100,100,0,100,0,,,,100,,100,28.57142857
99.24242424,100,0,100,12.5,,,,85.71428571,,90,20
97.77777778,,,90.90909091,0,,,,75,,100,0
100,,,93.75,0,,,,97.2972973,,76.47058824,0
100,,,,0,,,,91.30434783,,100,15
100,,,,0,,,,,,100,
,,,,,,,,,,100,