w1118,WTloxP,G85Rhr,WTcr,G85Rcr,G85R/X16,WTcr/X16,A4V,A4V/X16,A4V/G85Rcr
97.64705882,95.65217391,0,90.90909091,0,0,100,92.30769231,100,16.94915254
99.10714286,97.82608696,0,93.75,0,0,100,85.71428571,90,11.11111111
100,100,0,98.06451613,0,0,100,97.2972973,100,0
99.24242424,100,0,99.02912621,0,0,100,91.30434783,76.47058824,0
97.77777778,,,97.57575758,0,,,100,100,15
100,,,100,0,,,80,100,
100,,,,2.941176471,,,,100,
100,,,,0,,,,100,
,,,,9.090909091,,,,10,